name,score,score_no_attention
baseline,0.847,0
1-2mer,0.8652097902,0.8421328671
1-3mer,0.870979021,0.8524475524
1-4mer,0.8736013986,0.8575174825
1-5mer,0.8776223776,0.8697552448
1-6mer,0.8804,0.8681818182
1-7mer,0.8812937063,0.8713286713
1-8mer,0.879020979,0.8685314685