nlayer,acc
1,0.8767482517482517
3,0.8791958041958041
6,0.8802447552447553
12,0.8816433566433567
