nmute,score
0,0.8671328671
9,0.8756993007
18,0.8801
27,0.8737179487
36,0.8585