stride,test_auc
1,0.926
2,0.9067451501008665
3,0.920420153544046
4,0.8835414544074593
5,0.8726995103173945
6,0.9028647464324658
